{
  "ideVersion": "3.4",
  "name": "record_operation",
  "title": "操作记录依赖库",
  "description": "打印每次请求日志：全类名+方法名、请求ip，请求url，入参、出参；出现异常时打印error日志：异常信息、异常方法、异常栈、请求参数、请求IP",
  "specVersion": "1.0.0",
  "type": "module",
  "subType": "extension",
  "version": "1.0.3",
  "externalDependencyMap": {"maven": [{
    "groupId": "com.wgx",
    "artifactId": "record-operation",
    "version": "1.0.3"
  }]},
  "compilerInfoMap": {"java": [{
    "type": "logic",
    "javaTypes": {"": "List<String>"},
    "naslName": "getRestControllerNames",
    "className": "RestControllerScanner",
    "packageName": "com.wgx.utils",
    "modifiers": ["public"]
  }]},
  "configuration": {
    "concept": "Configuration",
    "groups": [{
      "concept": "ConfigGroup",
      "name": "custom",
      "properties": [
        {
          "concept": "ConfigProperty",
          "name": "loggingEnabled",
          "values": [
            {
              "concept": "ConfigPropertyValue",
              "env": "dev",
              "value": "true"
            },
            {
              "concept": "ConfigPropertyValue",
              "env": "online",
              "value": "false"
            }
          ]
        },
        {
          "concept": "ConfigProperty",
          "name": "loggingFormat",
          "values": [
            {
              "concept": "ConfigPropertyValue",
              "env": "dev",
              "value": "detailed"
            },
            {
              "concept": "ConfigPropertyValue",
              "env": "online",
              "value": "simple"
            }
          ]
        },
        {
          "concept": "ConfigProperty",
          "name": "loggingClassNames",
          "values": [
            {
              "concept": "ConfigPropertyValue",
              "env": "dev",
              "value": "all"
            },
            {
              "concept": "ConfigPropertyValue",
              "env": "online",
              "value": "all"
            }
          ]
        }
      ]
    }]
  },
  "logics": [{
    "concept": "Logic",
    "name": "getRestControllerNames",
    "description": "获取Spring容器中所有带有@RestController注解的类的名称，并以List<String>形式返回。",
    "overridable": false,
    "params": [],
    "returns": [{
      "concept": "Return",
      "name": "result",
      "description": "List containing names of all classes annotated with @RestController",
      "typeAnnotation": {
        "concept": "TypeAnnotation",
        "typeKind": "union",
        "typeNamespace": "nasl.core",
        "typeName": "Union",
        "typeArguments": [
          {
            "concept": "TypeAnnotation",
            "typeKind": "generic",
            "typeNamespace": "nasl.collection",
            "typeName": "List",
            "typeArguments": [{
              "concept": "TypeAnnotation",
              "typeKind": "primitive",
              "typeNamespace": "nasl.core",
              "typeName": "String"
            }]
          },
          {
            "concept": "TypeAnnotation",
            "typeKind": "reference",
            "typeNamespace": "nasl.ui",
            "typeName": "Error"
          }
        ]
      }
    }]
  }]
}